report_date,asset_class,value_sum
2026-01-30,Дебиторская задолженность,1872643081385.0803
2026-01-30,Денежные средства,168624175991.36
2026-01-30,Денежные требования,49502388.74
2026-01-30,Имущественные права,14822402327.0
2026-01-30,Недвижимость и права аренды,535339522863.31006
2026-01-30,Производные финансовые инструменты,0.0
2026-01-30,Прочие активы,79732763120.12
2026-01-30,Ценные бумаги РФ,1693548382040.65
2026-01-30,Ценные бумаги иностранных эмитентов,69773385653.36
2026-02-27,Дебиторская задолженность,1935072402785.3699
2026-02-27,Денежные средства,169490570490.63
2026-02-27,Денежные требования,50044190.28
2026-02-27,Имущественные права,14931909886.0
2026-02-27,Недвижимость и права аренды,539404242685.2
2026-02-27,Производные финансовые инструменты,0.0
2026-02-27,Прочие активы,98233588099.54001
2026-02-27,Ценные бумаги РФ,1804272438684.97
2026-02-27,Ценные бумаги иностранных эмитентов,64564203569.38001
2026-03-31,Дебиторская задолженность,2028964667203.6702
2026-03-31,Денежные средства,124968417480.55998
2026-03-31,Денежные требования,51134418.8
2026-03-31,Имущественные права,14751543183.0
2026-03-31,Недвижимость и права аренды,537326611673.12
2026-03-31,Производные финансовые инструменты,0.0
2026-03-31,Прочие активы,90731322176.45
2026-03-31,Ценные бумаги РФ,1905739245313.66
2026-03-31,Ценные бумаги иностранных эмитентов,66899145376.14001
2026-04-30,Дебиторская задолженность,2055200408071.6904
2026-04-30,Денежные средства,120661232841.36002
2026-04-30,Денежные требования,60794847.3
2026-04-30,Имущественные права,14697649834.0
2026-04-30,Недвижимость и права аренды,528664569632.53
2026-04-30,Производные финансовые инструменты,0.0
2026-04-30,Прочие активы,85283332730.22
2026-04-30,Ценные бумаги РФ,2083318638993.5303
2026-04-30,Ценные бумаги иностранных эмитентов,61034308267.49
2026-05-29,Дебиторская задолженность,2076647153771.42
2026-05-29,Денежные средства,113636138866.71999
2026-05-29,Денежные требования,61624836.58
2026-05-29,Имущественные права,16914857527.77
2026-05-29,Недвижимость и права аренды,534788303365.20996
2026-05-29,Производные финансовые инструменты,0.0
2026-05-29,Прочие активы,82870530959.19
2026-05-29,Ценные бумаги РФ,2221010528626.93
2026-05-29,Ценные бумаги иностранных эмитентов,60925662174.5
2026-06-30,Дебиторская задолженность,2125357902872.6
2026-06-30,Денежные средства,113919437556.69
2026-06-30,Денежные требования,61570306.87
2026-06-30,Имущественные права,16914754120.77
2026-06-30,Недвижимость и права аренды,517478459375.48
2026-06-30,Производные финансовые инструменты,0.0
2026-06-30,Прочие активы,80490442529.8
2026-06-30,Ценные бумаги РФ,2237724463437.29
2026-06-30,Ценные бумаги иностранных эмитентов,66874876877.54
2026-07-31,Дебиторская задолженность,2226780991060.7
2026-07-31,Денежные средства,120503376104.60999
2026-07-31,Денежные требования,61427096.14
2026-07-31,Имущественные права,16301519281.77
2026-07-31,Недвижимость и права аренды,522733493683.17
2026-07-31,Производные финансовые инструменты,0.0
2026-07-31,Прочие активы,79066589871.4
2026-07-31,Ценные бумаги РФ,2189117686875.3
2026-07-31,Ценные бумаги иностранных эмитентов,67964784786.21
