report_date,grouping,group,n_funds,nav_sum,uk_fee_wavg_exact,uk_fee_wavg_upper,uk_fee_median,uk_fee_exact_nav_share,uk_fee_fixed_share,infra_fee_wavg,max_expense_wavg_upper,has_success_fee_share
2026-04-30,strategy_type,активная,559,3606489782466.04,1.3331503429178784,1.3779606802619366,1.5,0.8696182884963636,0.03220035778175313,0.20046466634952192,5.5983879721761785,0.04293381037567084
2026-04-30,strategy_type,пассивная,58,1300062087932.53,0.3274186290317782,0.32820068716685336,0.6,0.4279448607183238,0.0,0.0208850301429347,0.12346043186328529,0.0
2026-05-31,strategy_type,активная,557,3736058203341.4,1.3155181323866028,1.3587496293733512,1.5,0.8746072903057366,0.03231597845601436,0.19616558768953882,5.339965699847794,0.04129263913824058
2026-05-31,strategy_type,пассивная,58,1328449408819.98,0.3249290188121368,0.3266108598441099,0.6,0.41976464380804734,0.0,0.020815757160133622,0.12236487197978038,0.0
2026-06-30,strategy_type,активная,565,3742975962989.54,1.2823648709458704,1.326754553843313,1.5,0.8819621977100831,0.03008849557522124,0.1915291555058982,4.892164154120087,0.03893805309734513
2026-06-30,strategy_type,пассивная,59,1358838756139.2903,0.3189283550637286,0.323554240533093,0.6,0.41601099366277094,0.0,0.020500684976050978,0.12179931930083912,0.0
2026-07-31,strategy_type,активная,570,3747627265842.04,1.2654503808534412,1.3096997467620508,1.5,0.8829950411535744,0.028070175438596492,0.18803233926779672,5.024605139000738,0.03684210526315789
2026-07-31,strategy_type,пассивная,59,1431331587289.52,0.3160738847624607,0.32318020482588117,0.6,0.41088301035642627,0.0,0.02123925597773796,0.12223839461097813,0.0
2026-04-30,category,Акций,2,6562462786.25,1.0,1.0,1.0,1.0,0.0,0.2,10.0,0.0
2026-04-30,category,Недвижимости,112,594990826987.51,1.0456625663648433,1.0695405477927666,1.0,0.7154689129412682,0.13392857142857142,0.47755993998358315,27.134084587054677,0.20535714285714285
2026-04-30,category,Рентный,24,88708431510.65001,1.270977841515976,0.8847765599318304,0.9,0.0178482776389741,0.125,0.5539025790995648,30.47654331060545,0.0
2026-04-30,category,Смешанных инвестиций,5,95313777238.18999,0.20200258214594496,0.23016586754517854,0.75,0.9647075482086531,0.0,0.13093535130774442,3.2023092424015154,0.2
2026-04-30,category,Фонд рыночных финансовых инструментов,474,4120976371875.9697,1.228671371298493,1.1103154284817072,1.5,0.7684662466933949,0.0,0.09893877762373822,0.2635586942051216,0.0
2026-05-31,category,Акций,2,6557258403.37,1.0,1.0,1.0,1.0,0.0,0.20000000000000004,10.0,0.0
2026-05-31,category,Недвижимости,110,596916009604.09,1.0471219876956805,1.051156945303796,1.0,0.7302751888935988,0.13636363636363635,0.47519833146026913,26.647136011567067,0.20909090909090908
2026-05-31,category,Рентный,24,88633342980.53,1.2678295895126592,0.8606238335206675,0.9,0.017588474191168074,0.125,0.5449757184420435,30.58187643963921,0.0
2026-05-31,category,Смешанных инвестиций,3,94400916173.89,0.19259674039218969,0.2216014672459392,0.5,0.9640765299017515,0.0,0.12467863135997677,2.884350742626483,0.0
2026-05-31,category,Фонд рыночных финансовых инструментов,476,4278000084999.5005,1.2149003060315162,1.0989499995474215,1.5,0.7690932506232253,0.0,0.09814998757258687,0.2622581425614752,0.0
2026-06-30,category,Акций,2,6739371738.29,1.0,1.0,1.0,1.0,0.0,0.2,10.0,0.0
2026-06-30,category,Недвижимости,110,600745015049.07,1.0468023974078962,1.0508184962353766,1.0,0.7302311654172238,0.12727272727272726,0.47326875685746606,26.468428894203367,0.2
2026-06-30,category,Рентный,24,61072008919.149994,1.2620974406014043,0.9041832900004266,0.9,0.024878995199936308,0.125,0.5239433962349408,17.58113029183488,0.0
2026-06-30,category,Смешанных инвестиций,3,94910371635.81999,0.19330014819212937,0.22185817422186094,0.5,0.9645989447429164,0.0,0.12478273205897746,2.925297870349987,0.0
2026-06-30,category,Фонд рыночных финансовых инструментов,485,4338347951786.5,1.180306196867499,1.0679416415496008,1.5,0.7671038021177735,0.0,0.09670898034305096,0.25904060252910255,0.0
2026-07-31,category,Акций,2,6732564335.9,1.0,1.0,1.0,1.0,0.0,0.2,10.0,0.0
2026-07-31,category,Недвижимости,109,622868855593.3501,1.0459994803739443,1.0498865434599824,1.0,0.7365395248245864,0.11926605504587157,0.4476145959061427,26.42530869994817,0.1926605504587156
2026-07-31,category,Рентный,22,60376916390.77,1.2578419169953095,0.906484471351575,0.9,0.02482981547777719,0.13636363636363635,0.5155609395034982,17.409463984500743,0.0
2026-07-31,category,Смешанных инвестиций,3,96506538896.65001,0.19272089832369355,0.22092771602756117,0.5,0.9650593981123796,0.0,0.12435029325910342,2.8757703124709595,0.0
2026-07-31,category,Фонд рыночных финансовых инструментов,493,4392473977914.8896,1.158785118687503,1.0424091004367628,1.5,0.7597341167450854,0.0,0.09518990799589507,0.2562033281881592,0.0
2026-04-30,fund_type,Биржевой,94,2266671183243.2095,0.7067019643003609,0.5600771102422322,0.78,0.6985068280962288,0.0,0.040270624856560404,0.12493529608424356,0.0
2026-04-30,fund_type,Закрытый,269,845133969019.1,0.9027780376392902,0.9986616920575787,1.0,0.6248793236553066,0.06691449814126393,0.4278670967456719,22.829877370275142,0.08921933085501858
2026-04-30,fund_type,Интервальный,9,38132152676.51,0.9860232752770756,1.2866297159544031,4.0,0.8997863279249372,0.0,0.20774150848843495,0.6563104220912168,0.0
2026-04-30,fund_type,Открытый,245,1756614565459.7502,1.7672353774880623,1.7942629464386535,2.0,0.8806266101479931,0.0,0.1653630443895525,0.3963065519165746,0.0
2026-05-31,fund_type,Биржевой,94,2349372613680.95,0.7034268196521228,0.5577921707960171,0.78,0.6985217663970367,0.0,0.0395897437876023,0.12422526505668359,0.0
2026-05-31,fund_type,Закрытый,265,846002510267.97,0.9065597897406483,0.9859666913669272,1.0,0.6352029558316851,0.06792452830188679,0.42499407990538224,22.50217987014574,0.08679245283018867
2026-05-31,fund_type,Интервальный,10,38625028033.54,0.9855886901849693,1.2815484458019257,3.75,0.9013224268979078,0.0,0.2069170372448404,0.6571384599172996,0.0
2026-05-31,fund_type,Открытый,246,1830507460178.9204,1.7394563340503946,1.7674889203689914,2.0,0.8805946233068307,0.0,0.1644641752608603,0.39140195794521176,0.0
2026-06-30,fund_type,Биржевой,99,2404026790062.7305,0.6984399656728398,0.5533057569595597,0.78,0.696741345811701,0.0,0.04001866281020183,0.12424845827334285,0.0
2026-06-30,fund_type,Закрытый,265,828274616844.75,0.9073076353904402,0.9954999877024208,1.03,0.6533307037389141,0.06415094339622641,0.41271053275622177,21.01834733076754,0.0830188679245283
2026-06-30,fund_type,Интервальный,11,38804904853.299995,0.9806727502110733,1.2580915537674433,3.5,0.9084602629603429,0.0,0.20366365384949298,0.6518439468366823,0.0
2026-06-30,fund_type,Открытый,249,1830708407368.0498,1.6829860965215648,1.7141614480115537,2.0,0.882216057733672,0.0,0.16381130839287894,0.38560574416617915,0.0
2026-07-31,fund_type,Биржевой,103,2470333241606.6694,0.6995581474359608,0.5492130061545216,0.71,0.6871302334727112,0.0,0.03975822933381451,0.125704079318382,0.0
2026-07-31,fund_type,Закрытый,262,852138474267.8301,0.9093239023543057,0.9956986437796614,1.03,0.660362512192455,0.061068702290076333,0.3935018317686894,21.058118090360814,0.08015267175572519
2026-07-31,fund_type,Интервальный,12,59851377429.719986,0.6280151201366748,0.8298841389152315,2.75,0.9402998456223381,0.0,0.13685446006059482,0.4901864445214488,0.0
2026-07-31,fund_type,Открытый,252,1796635759827.34,1.669360669758486,1.7002991291857372,2.0,0.8798705652862763,0.0,0.16466918526447138,0.38435186935412363,0.0
