report_date,group,flow_issuance,flow_redemption,flow_exchange_in,flow_exchange_out,net_flow
2026-01-30,Биржевой,76564643121.4,-1644740451.35,0.0,0.0,78209383572.75
2026-01-30,Закрытый,5309159279.46,-956871933.19,0.0,0.0,6266031212.65
2026-01-30,Интервальный,0.0,-939666.05,0.0,0.0,939666.05
2026-01-30,Открытый,95548944313.72,-58354943776.810005,17439399158.91,-17434740335.31,188778027584.75
2026-02-27,Биржевой,107356804207.86,-3335144249.36,0.0,0.0,110691948457.22
2026-02-27,Закрытый,9631546635.26,-17830261390.190002,0.0,0.0,27461808025.450005
2026-02-27,Интервальный,0.0,-7015932533.74,0.0,0.0,7015932533.74
2026-02-27,Открытый,121410551718.98999,-80210665026.09,15100937526.78,-15100937526.779999,231823091798.63998
2026-03-31,Биржевой,93810715795.92,-25774233096.2,0.0,0.0,119584948892.12
2026-03-31,Закрытый,6557877675.089999,-146899136.45,0.0,0.0,6704776811.539999
2026-03-31,Интервальный,0.0,-1904050.81,0.0,0.0,1904050.81
2026-03-31,Открытый,126634148329.89,-79304615703.05,22629453512.99,-22629453512.99,251197671058.91998
2026-04-30,Биржевой,119006620241.76,-28806386802.39,0.0,0.0,147813007044.15
2026-04-30,Закрытый,6275525927.67,-170954026.27,0.0,0.0,6446479953.940001
2026-04-30,Интервальный,0.0,-3015371.8200000003,0.0,0.0,3015371.8200000003
2026-04-30,Открытый,162495450747.56,-74573170460.73999,25926851199.329998,-23471480788.65,286466953196.27997
2026-05-29,Биржевой,97398467291.87,-31083856584.2,0.0,0.0,128482323876.06999
2026-05-29,Закрытый,6065507053.059999,-9172098642.609999,0.0,0.0,15237605695.669998
2026-05-29,Интервальный,24221188.97,0.0,0.0,0.0,24221188.97
2026-05-29,Открытый,137192722949.85,-65771985506.69,15603610362.04,-15603610362.04,234171929180.62003
2026-06-30,Биржевой,71348205607.43,-33797017103.52,0.0,0.0,105145222710.95
2026-06-30,Закрытый,7183957864.51,-24917745799.88,0.0,0.0,32101703664.39
2026-06-30,Интервальный,84779000.0,-49662778.23,0.0,0.0,134441778.23
2026-06-30,Открытый,122841377910.56,-89389336639.03,17885349501.71,-17885349501.71,248001413553.00998
2026-07-31,Биржевой,105062383036.0,-65427677097.57,0.0,0.0,170490060133.57
2026-07-31,Закрытый,8551186921.35,-1188486290.42,0.0,0.0,9739673211.77
2026-07-31,Интервальный,20205170659.81,0.0,0.0,0.0,20205170659.81
2026-07-31,Открытый,90020096241.39,-138604951362.64,17931730438.5,-17931730438.5,264488508481.03003
