report_date,fund_type,holders_total,holders_individuals,units_individuals
2026-01-30,Биржевой,14663155.0,14660098.0,316272561360.59406
2026-01-30,Закрытый,2789691.0,2788518.0,5574051927.5346575
2026-01-30,Интервальный,1065311.0,1065145.0,20783850.1940794
2026-01-30,Открытый,2369307.0,2359972.0,3442845203.9361305
2026-02-27,Биржевой,14940078.0,14937009.0,325804693391.4793
2026-02-27,Закрытый,2803433.0,2802449.0,5569080162.383165
2026-02-27,Интервальный,1065330.0,1065163.0,20781544.1940794
2026-02-27,Открытый,2457227.0,2456357.0,3495171601.1222124
2026-03-31,Биржевой,15207862.0,15200224.0,358932952915.14
2026-03-31,Закрытый,2818603.0,2817866.0,5543998043.694934
2026-03-31,Интервальный,1070063.0,1069879.0,21806080.258368395
2026-03-31,Открытый,2516012.0,2515310.0,3558934786.0391707
2026-04-30,Биржевой,15347561.0,15344391.0,377903670338.48
2026-04-30,Закрытый,2827886.0,2827153.0,5634414122.487461
2026-04-30,Интервальный,1069843.0,1069658.0,21855340.7270784
2026-04-30,Открытый,2570436.0,2569730.0,3772664288.50085
2026-05-29,Биржевой,15473919.0,15470608.0,388638981916.48
2026-05-29,Закрытый,2832261.0,2831522.0,5656363402.073355
2026-05-29,Интервальный,1069879.0,1069694.0,22035429.845978398
2026-05-29,Открытый,2612246.0,2611507.0,3898248427.361041
2026-06-30,Биржевой,15532438.0,15529050.0,400603556667.48
2026-06-30,Закрытый,2837255.0,2836523.0,5678253027.750757
2026-06-30,Интервальный,1069966.0,1069780.0,22262753.349728394
2026-06-30,Открытый,2635917.0,2635171.0,3989916431.7624454
2026-07-31,Биржевой,15596453.0,15593017.0,416715278870.48
2026-07-31,Закрытый,2840887.0,2840161.0,5736064479.699984
2026-07-31,Интервальный,1071791.0,1071601.0,535138161.3497284
2026-07-31,Открытый,2626262.0,2625520.0,3951189122.6397986
