report_date,group,funds_count,nav_sum,holders_total
2026-01-30,Акций,2,6579157174.79,4.0
2026-01-30,Недвижимости,116,569825360324.79,250370.0
2026-01-30,Рентный,24,100593470443.73999,1653.0
2026-01-30,Смешанных инвестиций,5,92909423053.12,5.0
2026-01-30,Фонд рыночных финансовых инструментов,470,3615988517579.91,20635432.0
2026-02-27,Акций,2,6574115523.309999,4.0
2026-02-27,Недвижимости,116,585067052205.51,254572.0
2026-02-27,Рентный,24,85807084152.39,1946.0
2026-02-27,Смешанных инвестиций,5,93144680800.33,6.0
2026-02-27,Фонд рыночных финансовых инструментов,469,3796638296498.3,21009540.0
2026-03-31,Акций,2,6568572894.16,4.0
2026-03-31,Недвижимости,113,587100309031.61,277285.0
2026-03-31,Рентный,24,86446883789.82,1702.0
2026-03-31,Смешанных инвестиций,5,94296387473.93,5.0
2026-03-31,Фонд рыночных финансовых инструментов,469,3936688729421.9497,21333544.0
2026-04-30,Акций,2,6562462786.25,4.0
2026-04-30,Недвижимости,112,594990826987.51,286510.0
2026-04-30,Рентный,24,88708431510.65,1705.0
2026-04-30,Смешанных инвестиций,5,95313777238.19,5.0
2026-04-30,Фонд рыночных финансовых инструментов,474,4120976371875.9697,21527502.0
2026-05-29,Акций,2,6557258403.37,4.0
2026-05-29,Недвижимости,110,596916009604.09,290828.0
2026-05-29,Рентный,24,88633342980.53,1700.0
2026-05-29,Смешанных инвестиций,3,94400916173.89,4.0
2026-05-29,Фонд рыночных финансовых инструментов,476,4278000084999.5,21695769.0
2026-06-30,Акций,2,6739371738.29,4.0
2026-06-30,Недвижимости,111,601614183927.8,296762.0
2026-06-30,Рентный,24,61072008919.15,770.0
2026-06-30,Смешанных инвестиций,3,94910371635.81999,4.0
2026-06-30,Фонд рыночных финансовых инструментов,485,4338321611115.4697,21778036.0
2026-07-31,Акций,2,6732564335.9,4.0
2026-07-31,Недвижимости,109,622868855593.35,300457.0
2026-07-31,Рентный,22,60376916390.77,730.0
2026-07-31,Смешанных инвестиций,3,96506538896.65001,4.0
2026-07-31,Фонд рыночных финансовых инструментов,493,4392473977914.89,21834198.0
