report_date,grouping,group,n_funds,return_1m_median,return_3m_median,return_6m_median,return_12m_median,return_12m_wavg
2026-04-30,strategy_type,активная,559,,,,0.0770149972707261,0.16264480860029654
2026-04-30,strategy_type,пассивная,58,,,,0.1787015413358245,0.17871350419199228
2026-05-31,strategy_type,активная,557,-0.0006440172185381,-0.00640717483851805,0.0345087256902183,0.0789628055141537,0.1584681960167008
2026-05-31,strategy_type,пассивная,58,-0.015598344472614399,-0.0418224634886829,0.0109479716298258,0.17226251242054255,0.1713127091353469
2026-06-30,strategy_type,активная,565,-0.01290542739385985,-0.009626315610667801,0.01635890940317005,0.0669195543230901,0.13066594990531744
2026-06-30,strategy_type,пассивная,59,-0.0234234278230732,-0.0480643933818911,-0.0204015478246414,0.1460320844214677,0.16074550722513767
2026-07-31,strategy_type,активная,570,0.0089803273764829,-0.0016011249478097,0.0179043660036909,0.0446276666898759,0.11830979767729
2026-07-31,strategy_type,пассивная,59,0.0118175174891582,-0.0449369167014433,-0.041594106069523,0.1440253789213959,0.15565426635571294
2026-04-30,category,Акций,2,,,,-0.05395755709926795,-0.051799862362310975
2026-04-30,category,Недвижимости,112,,,,0.1221463400573438,0.14905156092489624
2026-04-30,category,Рентный,24,,,,0.0029606693357533513,0.056311170639647835
2026-04-30,category,Смешанных инвестиций,5,,,,0.0959743759607407,0.17442465651557112
2026-04-30,category,Фонд рыночных финансовых инструментов,474,,,,0.06795361332044794,0.1716293669193901
2026-05-31,category,Акций,2,-0.00079739383386215,-0.0025779616937038,-0.06563097996344845,-0.05406972708478235,-0.051921402035704736
2026-05-31,category,Недвижимости,110,0.007116983992971801,0.02414724480375985,0.054062467433346,0.11591017114210281,0.14748849375048267
2026-05-31,category,Рентный,24,-0.0005590396632011,0.0066877683643017,0.03608947314384085,0.020796109387400848,0.0540092924201427
2026-05-31,category,Смешанных инвестиций,3,0.0023629960699525,0.0112157449719857,0.0367804772249142,0.078594477914996,0.16153531434626478
2026-05-31,category,Фонд рыночных финансовых инструментов,476,-0.0054160531785332495,-0.0399997636820696,0.0212721589870712,0.075500369487609,0.16595563273797917
2026-06-30,category,Акций,2,0.028639487945524802,0.02685779429692685,0.02596640079983615,-0.036982996942785104,-0.036714442206488035
2026-06-30,category,Недвижимости,110,0.0050967636356823,0.022145989136576,0.05875061928252455,0.1119407617611846,0.14539639767962328
2026-06-30,category,Рентный,24,-0.005122294678082,-0.0018416741691752998,0.0159450788871951,0.03149484133487285,-0.02646977125112796
2026-06-30,category,Смешанных инвестиций,3,0.0036396619395805,0.0028205521339284,0.0246184858847905,0.0907592005235865,0.1469165316818679
2026-06-30,category,Фонд рыночных финансовых инструментов,485,-0.0281362019833905,-0.0480643933818911,-0.0189842403284785,0.05730567518210595,0.140594563788125
2026-07-31,category,Акций,2,-0.0010144060122881,0.02677592493541665,0.024155252954419698,-0.0431141362090293,-0.04226585197746934
2026-07-31,category,Недвижимости,109,0.0079638473405025,0.0229872421075876,0.050968495951221,0.1056123201746399,0.14098040458724234
2026-07-31,category,Рентный,22,-0.0004532449505678,-0.0087694854189603,-0.0151625182307269,0.0055155241038078,-0.019645293541792373
2026-07-31,category,Смешанных инвестиций,3,0.0035920453580027,0.0100997059876409,0.0085653910065668,0.0700976704570181,0.1412833859092775
2026-07-31,category,Фонд рыночных финансовых инструментов,493,0.01067198157676235,-0.0264919129949804,-0.025485951023371048,0.0276327241079198,0.12966137275547293
2026-04-30,fund_type,Биржевой,94,,,,0.1782767148193116,0.17893962964641402
2026-04-30,fund_type,Закрытый,269,,,,0.11237869894344249,0.14094152532446183
2026-04-30,fund_type,Интервальный,9,,,,0.0190811842442904,0.25527851984624333
2026-04-30,fund_type,Открытый,245,,,,0.060788164046298845,0.16056388988249506
2026-05-31,fund_type,Биржевой,94,-0.0014742993698057,-0.0372380096583897,0.020990411372260202,0.1714549738176308,0.17276785245770312
2026-05-31,fund_type,Закрытый,265,0.0064921829107583,0.0213494311668243,0.049149234415685805,0.1139877337640536,0.13791938004224646
2026-05-31,fund_type,Интервальный,10,-0.0006239625495922,-0.0621638524077548,0.01171336710114065,0.02676937531725585,0.24562983347489808
2026-05-31,fund_type,Открытый,246,-0.0072175653039137,-0.040369962567319,0.022,0.0668118783853742,0.15599024033016165
2026-06-30,fund_type,Биржевой,99,-0.01796448011408195,-0.018146467919637,0.01576408808509795,0.1095632888409965,0.1607789974971593
2026-06-30,fund_type,Закрытый,265,0.00439415053183205,0.019416017178615748,0.0558514565410324,0.10957179798834395,0.1287732356771266
2026-06-30,fund_type,Интервальный,11,-0.0423430414384654,-0.0934711222700755,-0.0985190564543004,-0.06563866561630399,0.20968762878358965
2026-06-30,fund_type,Открытый,249,-0.0357120078090553,-0.0597057975194693,-0.0289300338258857,0.047932922949163057,0.1127081074395109
2026-07-31,fund_type,Биржевой,103,0.0116581441737974,-0.0087930597009469,0.0376010659251636,0.1002068941244019,0.153754367253095
2026-07-31,fund_type,Закрытый,262,0.0069078272970601005,0.0217837690341207,0.0497318576336541,0.1053725193259259,0.12554851001105907
2026-07-31,fund_type,Интервальный,12,0.0038516054212985,-0.0697241608507808,-0.118195564516129,-0.0815637702559552,0.16557686384277837
2026-07-31,fund_type,Открытый,252,0.00992587351460815,-0.028785967998282203,-0.0377570858487669,0.014158019673618249,0.09533938082005404
