report_date,rule_number,fund_name,fund_type,uk_name,nav,unit_value,rank
2026-01-30,3915,Биржевой паевой инвестиционный фонд рыночных финансовых инструментов «Ликвидность»,Биржевой,Акционерное общество ВИМ Инвестиции,540591865902.03,1.9081513,1
2026-01-30,3428,Открытый паевой инвестиционный фонд рыночных финансовых инструментов «Первая - Накопительный»,Открытый,Акционерное общество «Управляющая компания «Первая»,354631195806.81,2012.09,2
2026-01-30,4607,Биржевой паевой инвестиционный фонд рыночных финансовых инструментов «Первая – Фонд Сберегательный»,Биржевой,Акционерное общество «Управляющая компания «Первая»,339639398004.52,17.7369,3
2026-01-30,5012,Биржевой паевой инвестиционный фонд рыночных финансовых инструментов «Альфа-Капитал Денежный рынок»,Биржевой,"Общество с ограниченной ответственностью ""Управляющая компания ""Альфа-Капитал""",288057186053.16,162.7568,4
2026-01-30,5229,Биржевой паевой инвестиционный фонд рыночных финансовых инструментов «Т-Капитал Денежный рынок»,Биржевой,Общество с ограниченной ответственностью «Т-Капитал»,281874613890.39,151.215,5
2026-01-30,0007,Открытый паевой инвестиционный фонд рыночных финансовых инструментов «Первая – Фонд Рублевые сбережения»,Открытый,Акционерное общество «Управляющая компания «Первая»,232192332602.51,63126.75,6
2026-01-30,4416,Закрытый паевой инвестиционный фонд недвижимости «Современный 7»,Закрытый,Общество с ограниченной ответственностью «Современные Фонды Недвижимости»,112894211809.33,125404.89,7
2026-01-30,5790,Закрытый паевой инвестиционный фонд недвижимости «Современный 8»,Закрытый,Общество с ограниченной ответственностью «Современные Фонды Недвижимости»,107131367716.42,106.71,8
2026-01-30,3164,Закрытый паевой инвестиционный фонд недвижимости «ДОМ.РФ»,Закрытый,"Общество с ограниченной ответственностью ""ДОМ.РФ Управление активами""",102394123506.91,1969.12,9
2026-01-30,0806,"Закрытый паевой инвестиционный фонд смешанных инвестиций ""Стратегические активы""",Закрытый,"Общество с ограниченной ответственностью ""Управляющая компания ""АГАНА""",81081930061.76,144789.16,10
2026-01-30,4979,Открытый паевой инвестиционный фонд рыночных финансовых инструментов «Первая - Фонд смешанный с выплатой дохода»,Открытый,Акционерное общество «Управляющая компания «Первая»,61182426343.05,55426.07,11
2026-01-30,4138,Открытый паевой инвестиционный фонд рыночных финансовых инструментов «ВИМ - Денежный рынок. Рубли»,Открытый,Акционерное общество ВИМ Инвестиции,56709403343.68,1784.37,12
2026-01-30,5936,Биржевой паевой инвестиционный фонд рыночных финансовых инструментов «АТОН – Накопительный в рублях»,Биржевой,"Общество с ограниченной ответственностью ""Управляющая компания ""Атон-менеджмент""",53318816778.5,143.4914,13
2026-01-30,7259,Закрытый паевой инвестиционный фонд недвижимости «Современная коллекция»,Закрытый,Общество с ограниченной ответственностью «Современные Фонды Недвижимости»,50925644376.81,100761.78,14
2026-01-30,5425,Открытый паевой инвестиционный фонд рыночных финансовых инструментов «Альфа-Капитал Валютные облигации»,Открытый,"Общество с ограниченной ответственностью ""Управляющая компания ""Альфа-Капитал""",44380145964.72,1143.65,15
2026-01-30,4978,Открытый паевой инвестиционный фонд рыночных финансовых инструментов «Первая - Фонд облигаций с выплатой дохода»,Открытый,Акционерное общество «Управляющая компания «Первая»,40471705545.84,49181.39,16
2026-01-30,6330,Биржевой паевой инвестиционный фонд рыночных финансовых инструментов «БКС Денежный рынок»,Биржевой,"Акционерное общество Управляющая компания ""Брокеркредитсервис""",38112179258.24,13.16627,17
2026-01-30,6991,Открытый паевой инвестиционный фонд рыночных финансовых инструментов «Альфа-Капитал Накопительный»,Открытый,"Общество с ограниченной ответственностью ""Управляющая компания ""Альфа-Капитал""",37990055529.2,113.21,18
2026-01-30,6541,Биржевой паевой инвестиционный фонд рыночных финансовых инструментов «Альфа-Капитал Облигации с переменным купоном»,Биржевой,"Общество с ограниченной ответственностью ""Управляющая компания ""Альфа-Капитал""",37587976106.24,127.89642,19
2026-01-30,4980,Открытый паевой инвестиционный фонд рыночных финансовых инструментов «Первая - Фонд акций с выплатой дохода»,Открытый,Акционерное общество «Управляющая компания «Первая»,37073118158.56,57696.37,20
2026-02-27,3915,Биржевой паевой инвестиционный фонд рыночных финансовых инструментов «Ликвидность»,Биржевой,Акционерное общество ВИМ Инвестиции,567933195305.32,1.9304844,1
2026-02-27,3428,Открытый паевой инвестиционный фонд рыночных финансовых инструментов «Первая - Накопительный»,Открытый,Акционерное общество «Управляющая компания «Первая»,387586004427.63,2035.43,2
2026-02-27,4607,Биржевой паевой инвестиционный фонд рыночных финансовых инструментов «Первая – Фонд Сберегательный»,Биржевой,Акционерное общество «Управляющая компания «Первая»,344514247633.7,17.9445,3
2026-02-27,5012,Биржевой паевой инвестиционный фонд рыночных финансовых инструментов «Альфа-Капитал Денежный рынок»,Биржевой,"Общество с ограниченной ответственностью ""Управляющая компания ""Альфа-Капитал""",303390807993.66,164.61819,4
2026-02-27,5229,Биржевой паевой инвестиционный фонд рыночных финансовых инструментов «Т-Капитал Денежный рынок»,Биржевой,Общество с ограниченной ответственностью «Т-Капитал»,284967656607.45,152.8699,5
2026-02-27,0007,Открытый паевой инвестиционный фонд рыночных финансовых инструментов «Первая – Фонд Рублевые сбережения»,Открытый,Акционерное общество «Управляющая компания «Первая»,241533008359.35,64231.91,6
2026-02-27,4416,Закрытый паевой инвестиционный фонд недвижимости «Современный 7»,Закрытый,Общество с ограниченной ответственностью «Современные Фонды Недвижимости»,114517221543.61,127207.76,7
2026-02-27,5790,Закрытый паевой инвестиционный фонд недвижимости «Современный 8»,Закрытый,Общество с ограниченной ответственностью «Современные Фонды Недвижимости»,113780940932.46,107.92,8
2026-02-27,3164,Закрытый паевой инвестиционный фонд недвижимости «ДОМ.РФ»,Закрытый,"Общество с ограниченной ответственностью ""ДОМ.РФ Управление активами""",102937073362.79,1979.56,9
2026-02-27,0806,"Закрытый паевой инвестиционный фонд смешанных инвестиций ""Стратегические активы""",Закрытый,"Общество с ограниченной ответственностью ""Управляющая компания ""АГАНА""",81923399614.14,146291.79,10
2026-02-27,4431,Биржевой паевой инвестиционный фонд рыночных финансовых инструментов «Первая – Фонд Консервативный»,Биржевой,Акционерное общество «Управляющая компания «Первая»,62166257631.51,17.0223,11
2026-02-27,4979,Открытый паевой инвестиционный фонд рыночных финансовых инструментов «Первая - Фонд смешанный с выплатой дохода»,Открытый,Акционерное общество «Управляющая компания «Первая»,59917094847.02,55950.75,12
2026-02-27,4138,Открытый паевой инвестиционный фонд рыночных финансовых инструментов «ВИМ - Денежный рынок. Рубли»,Открытый,Акционерное общество ВИМ Инвестиции,58632169882.63,1803.86,13
2026-02-27,5936,Биржевой паевой инвестиционный фонд рыночных финансовых инструментов «АТОН – Накопительный в рублях»,Биржевой,"Общество с ограниченной ответственностью ""Управляющая компания ""Атон-менеджмент""",55264184897.47,145.1598,14
2026-02-27,7259,Закрытый паевой инвестиционный фонд недвижимости «Современная коллекция»,Закрытый,Общество с ограниченной ответственностью «Современные Фонды Недвижимости»,51127707405.66,101161.58,15
2026-02-27,5425,Открытый паевой инвестиционный фонд рыночных финансовых инструментов «Альфа-Капитал Валютные облигации»,Открытый,"Общество с ограниченной ответственностью ""Управляющая компания ""Альфа-Капитал""",43612991239.41,1144.83,16
2026-02-27,4978,Открытый паевой инвестиционный фонд рыночных финансовых инструментов «Первая - Фонд облигаций с выплатой дохода»,Открытый,Акционерное общество «Управляющая компания «Первая»,42627819962.41,49910.92,17
2026-02-27,6541,Биржевой паевой инвестиционный фонд рыночных финансовых инструментов «Альфа-Капитал Облигации с переменным купоном»,Биржевой,"Общество с ограниченной ответственностью ""Управляющая компания ""Альфа-Капитал""",41039184062.29,129.47476,18
2026-02-27,0095,Открытый паевой инвестиционный фонд рыночных финансовых инструментов «Альфа-Капитал Облигации Плюс»,Открытый,"Общество с ограниченной ответственностью ""Управляющая компания ""Альфа-Капитал""",39485521607.98,7112.88,19
2026-02-27,6330,Биржевой паевой инвестиционный фонд рыночных финансовых инструментов «БКС Денежный рынок»,Биржевой,"Акционерное общество Управляющая компания ""Брокеркредитсервис""",38550081396.75,13.31755,20
2026-03-31,3915,Биржевой паевой инвестиционный фонд рыночных финансовых инструментов «Ликвидность»,Биржевой,Акционерное общество ВИМ Инвестиции,589306294438.58,1.9556193,1
2026-03-31,3428,Открытый паевой инвестиционный фонд рыночных финансовых инструментов «Первая - Накопительный»,Открытый,Акционерное общество «Управляющая компания «Первая»,395807818265.56,2066.18,2
2026-03-31,4607,Биржевой паевой инвестиционный фонд рыночных финансовых инструментов «Первая – Фонд Сберегательный»,Биржевой,Акционерное общество «Управляющая компания «Первая»,334286787406.38,18.1787,3
2026-03-31,5012,Биржевой паевой инвестиционный фонд рыночных финансовых инструментов «Альфа-Капитал Денежный рынок»,Биржевой,"Общество с ограниченной ответственностью ""Управляющая компания ""Альфа-Капитал""",306184528047.79,166.70895,4
2026-03-31,5229,Биржевой паевой инвестиционный фонд рыночных финансовых инструментов «Т-Капитал Денежный рынок»,Биржевой,Общество с ограниченной ответственностью «Т-Капитал»,288921467966.01,154.722,5
2026-03-31,0007,Открытый паевой инвестиционный фонд рыночных финансовых инструментов «Первая – Фонд Рублевые сбережения»,Открытый,Акционерное общество «Управляющая компания «Первая»,263083878156.28,65255.42,6
2026-03-31,5790,Закрытый паевой инвестиционный фонд недвижимости «Современный 8»,Закрытый,Общество с ограниченной ответственностью «Современные Фонды Недвижимости»,117644125209.55,107.17,7
2026-03-31,4416,Закрытый паевой инвестиционный фонд недвижимости «Современный 7»,Закрытый,Общество с ограниченной ответственностью «Современные Фонды Недвижимости»,113060304861.71,125589.39,8
2026-03-31,3164,Закрытый паевой инвестиционный фонд недвижимости «ДОМ.РФ»,Закрытый,"Общество с ограниченной ответственностью ""ДОМ.РФ Управление активами""",100006819115.26,1923.21,9
2026-03-31,4431,Биржевой паевой инвестиционный фонд рыночных финансовых инструментов «Первая – Фонд Консервативный»,Биржевой,Акционерное общество «Управляющая компания «Первая»,84628168714.12,17.2458,10
2026-03-31,0806,"Закрытый паевой инвестиционный фонд смешанных инвестиций ""Стратегические активы""",Закрытый,"Общество с ограниченной ответственностью ""Управляющая компания ""АГАНА""",83222607047.48,148611.8,11
2026-03-31,4138,Открытый паевой инвестиционный фонд рыночных финансовых инструментов «ВИМ - Денежный рынок. Рубли»,Открытый,Акционерное общество ВИМ Инвестиции,59221564951.93,1825.67,12
2026-03-31,4979,Открытый паевой инвестиционный фонд рыночных финансовых инструментов «Первая - Фонд смешанный с выплатой дохода»,Открытый,Акционерное общество «Управляющая компания «Первая»,56344975001.46,53917.9,13
2026-03-31,5936,Биржевой паевой инвестиционный фонд рыночных финансовых инструментов «АТОН – Накопительный в рублях»,Биржевой,"Общество с ограниченной ответственностью ""Управляющая компания ""Атон-менеджмент""",55979005172.24,147.0374,14
2026-03-31,7259,Закрытый паевой инвестиционный фонд недвижимости «Современная коллекция»,Закрытый,Общество с ограниченной ответственностью «Современные Фонды Недвижимости»,51333738025.15,101569.23,15
2026-03-31,0095,Открытый паевой инвестиционный фонд рыночных финансовых инструментов «Альфа-Капитал Облигации Плюс»,Открытый,"Общество с ограниченной ответственностью ""Управляющая компания ""Альфа-Капитал""",47441569701.15,7214.21,16
2026-03-31,4978,Открытый паевой инвестиционный фонд рыночных финансовых инструментов «Первая - Фонд облигаций с выплатой дохода»,Открытый,Акционерное общество «Управляющая компания «Первая»,44546787114.27,49417.43,17
2026-03-31,5425,Открытый паевой инвестиционный фонд рыночных финансовых инструментов «Альфа-Капитал Валютные облигации»,Открытый,"Общество с ограниченной ответственностью ""Управляющая компания ""Альфа-Капитал""",43466043360.42,1193.18,18
2026-03-31,6541,Биржевой паевой инвестиционный фонд рыночных финансовых инструментов «Альфа-Капитал Облигации с переменным купоном»,Биржевой,"Общество с ограниченной ответственностью ""Управляющая компания ""Альфа-Капитал""",42225232983.9,131.25294,19
2026-03-31,6991,Открытый паевой инвестиционный фонд рыночных финансовых инструментов «Альфа-Капитал Накопительный»,Открытый,"Общество с ограниченной ответственностью ""Управляющая компания ""Альфа-Капитал""",41589577814.27,116.22,20
2026-04-30,3915,Биржевой паевой инвестиционный фонд рыночных финансовых инструментов «Ликвидность»,Биржевой,Акционерное общество ВИМ Инвестиции,630697999659.32,1.9787572,1
2026-04-30,3428,Открытый паевой инвестиционный фонд рыночных финансовых инструментов «Первая - Накопительный»,Открытый,Акционерное общество «Управляющая компания «Первая»,428673430922.75,2092.97,2
2026-04-30,4607,Биржевой паевой инвестиционный фонд рыночных финансовых инструментов «Первая – Фонд Сберегательный»,Биржевой,Акционерное общество «Управляющая компания «Первая»,320891315294.31,18.3956,3
2026-04-30,5012,Биржевой паевой инвестиционный фонд рыночных финансовых инструментов «Альфа-Капитал Денежный рынок»,Биржевой,"Общество с ограниченной ответственностью ""Управляющая компания ""Альфа-Капитал""",307067987440.52,168.63802,4
2026-04-30,0007,Открытый паевой инвестиционный фонд рыночных финансовых инструментов «Первая – Фонд Рублевые сбережения»,Открытый,Акционерное общество «Управляющая компания «Первая»,300986586256.67,66223.48,5
2026-04-30,5229,Биржевой паевой инвестиционный фонд рыночных финансовых инструментов «Т-Капитал Денежный рынок»,Биржевой,Общество с ограниченной ответственностью «Т-Капитал»,297067986604.72,156.3953,6
2026-04-30,5790,Закрытый паевой инвестиционный фонд недвижимости «Современный 8»,Закрытый,Общество с ограниченной ответственностью «Современные Фонды Недвижимости»,122404097391.06,108.06,7
2026-04-30,4416,Закрытый паевой инвестиционный фонд недвижимости «Современный 7»,Закрытый,Общество с ограниченной ответственностью «Современные Фонды Недвижимости»,114108143213.23,126753.35,8
2026-04-30,3164,Закрытый паевой инвестиционный фонд недвижимости «ДОМ.РФ»,Закрытый,"Общество с ограниченной ответственностью ""ДОМ.РФ Управление активами""",100406475250.49,1930.89,9
2026-04-30,4431,Биржевой паевой инвестиционный фонд рыночных финансовых инструментов «Первая – Фонд Консервативный»,Биржевой,Акционерное общество «Управляющая компания «Первая»,89939006028.65,17.4712,10
2026-04-30,0806,"Закрытый паевой инвестиционный фонд смешанных инвестиций ""Стратегические активы""",Закрытый,"Общество с ограниченной ответственностью ""Управляющая компания ""АГАНА""",84322443056.81,150575.79,11
2026-04-30,4138,Открытый паевой инвестиционный фонд рыночных финансовых инструментов «ВИМ - Денежный рынок. Рубли»,Открытый,Акционерное общество ВИМ Инвестиции,60550563284.46,1844.65,12
2026-04-30,5936,Биржевой паевой инвестиционный фонд рыночных финансовых инструментов «АТОН – Накопительный в рублях»,Биржевой,"Общество с ограниченной ответственностью ""Управляющая компания ""Атон-менеджмент""",56639227824.36,148.7716,13
2026-04-30,5972,Биржевой паевой инвестиционный фонд рыночных финансовых инструментов «Первая – Фонд Облигации с переменным купоном»,Биржевой,Акционерное общество «Управляющая компания «Первая»,55865425034.73,14.693,14
2026-04-30,0095,Открытый паевой инвестиционный фонд рыночных финансовых инструментов «Альфа-Капитал Облигации Плюс»,Открытый,"Общество с ограниченной ответственностью ""Управляющая компания ""Альфа-Капитал""",55333642134.06,7313.22,15
2026-04-30,3785,Биржевой паевой инвестиционный фонд рыночных финансовых инструментов «Первая - Фонд Корпоративные облигации»,Биржевой,Акционерное общество «Управляющая компания «Первая»,55012445710.63,18.61,16
2026-04-30,4979,Открытый паевой инвестиционный фонд рыночных финансовых инструментов «Первая - Фонд смешанный с выплатой дохода»,Открытый,Акционерное общество «Управляющая компания «Первая»,52923714283.9,52540.29,17
2026-04-30,7259,Закрытый паевой инвестиционный фонд недвижимости «Современная коллекция»,Закрытый,Общество с ограниченной ответственностью «Современные Фонды Недвижимости»,51648552303.22,102192.13,18
2026-04-30,4978,Открытый паевой инвестиционный фонд рыночных финансовых инструментов «Первая - Фонд облигаций с выплатой дохода»,Открытый,Акционерное общество «Управляющая компания «Первая»,47983947832.87,50174.37,19
2026-04-30,6991,Открытый паевой инвестиционный фонд рыночных финансовых инструментов «Альфа-Капитал Накопительный»,Открытый,"Общество с ограниченной ответственностью ""Управляющая компания ""Альфа-Капитал""",46166235029.1,117.71,20
2026-05-29,3915,Биржевой паевой инвестиционный фонд рыночных финансовых инструментов «Ликвидность»,Биржевой,Акционерное общество ВИМ Инвестиции,654731844960.36,2.0007309,1
2026-05-29,3428,Открытый паевой инвестиционный фонд рыночных финансовых инструментов «Первая - Накопительный»,Открытый,Акционерное общество «Управляющая компания «Первая»,457075568029.69,2117.09,2
2026-05-29,0007,Открытый паевой инвестиционный фонд рыночных финансовых инструментов «Первая – Фонд Рублевые сбережения»,Открытый,Акционерное общество «Управляющая компания «Первая»,328166676475.39,66503.29,3
2026-05-29,4607,Биржевой паевой инвестиционный фонд рыночных финансовых инструментов «Первая – Фонд Сберегательный»,Биржевой,Акционерное общество «Управляющая компания «Первая»,320765676055.18,18.6016,4
2026-05-29,5012,Биржевой паевой инвестиционный фонд рыночных финансовых инструментов «Альфа-Капитал Денежный рынок»,Биржевой,"Общество с ограниченной ответственностью ""Управляющая компания ""Альфа-Капитал""",315179302635.6,170.46939,5
2026-05-29,5229,Биржевой паевой инвестиционный фонд рыночных финансовых инструментов «Т-Капитал Денежный рынок»,Биржевой,Общество с ограниченной ответственностью «Т-Капитал»,298188124752.09,158.025,6
2026-05-29,5790,Закрытый паевой инвестиционный фонд недвижимости «Современный 8»,Закрытый,Общество с ограниченной ответственностью «Современные Фонды Недвижимости»,128310540160.82,109.72,7
2026-05-29,4416,Закрытый паевой инвестиционный фонд недвижимости «Современный 7»,Закрытый,Общество с ограниченной ответственностью «Современные Фонды Недвижимости»,115502341648.3,128302.05,8
2026-05-29,3164,Закрытый паевой инвестиционный фонд недвижимости «ДОМ.РФ»,Закрытый,"Общество с ограниченной ответственностью ""ДОМ.РФ Управление активами""",101005278449.73,1942.41,9
2026-05-29,3785,Биржевой паевой инвестиционный фонд рыночных финансовых инструментов «Первая - Фонд Корпоративные облигации»,Биржевой,Акционерное общество «Управляющая компания «Первая»,89684743028.24,18.83,10
2026-05-29,0806,"Закрытый паевой инвестиционный фонд смешанных инвестиций ""Стратегические активы""",Закрытый,"Общество с ограниченной ответственностью ""Управляющая компания ""АГАНА""",84521694254.26,150931.6,11
2026-05-29,4431,Биржевой паевой инвестиционный фонд рыночных финансовых инструментов «Первая – Фонд Консервативный»,Биржевой,Акционерное общество «Управляющая компания «Первая»,80985036391.94,17.6906,12
2026-05-29,5972,Биржевой паевой инвестиционный фонд рыночных финансовых инструментов «Первая – Фонд Облигации с переменным купоном»,Биржевой,Акционерное общество «Управляющая компания «Первая»,70192418135.44,14.8855,13
2026-05-29,4138,Открытый паевой инвестиционный фонд рыночных финансовых инструментов «ВИМ - Денежный рынок. Рубли»,Открытый,Акционерное общество ВИМ Инвестиции,61466351979.22,1862.64,14
2026-05-29,0095,Открытый паевой инвестиционный фонд рыночных финансовых инструментов «Альфа-Капитал Облигации Плюс»,Открытый,"Общество с ограниченной ответственностью ""Управляющая компания ""Альфа-Капитал""",59395925643.09,7343.02,15
2026-05-29,5936,Биржевой паевой инвестиционный фонд рыночных финансовых инструментов «АТОН – Накопительный в рублях»,Биржевой,"Общество с ограниченной ответственностью ""Управляющая компания ""Атон-менеджмент""",57264849664.41,150.4149,16
2026-05-29,7259,Закрытый паевой инвестиционный фонд недвижимости «Современная коллекция»,Закрытый,Общество с ограниченной ответственностью «Современные Фонды Недвижимости»,51983864474.89,102855.58,17
2026-05-29,6541,Биржевой паевой инвестиционный фонд рыночных финансовых инструментов «Альфа-Капитал Облигации с переменным купоном»,Биржевой,"Общество с ограниченной ответственностью ""Управляющая компания ""Альфа-Капитал""",51769217940.32,134.83577,18
2026-05-29,4979,Открытый паевой инвестиционный фонд рыночных финансовых инструментов «Первая - Фонд смешанный с выплатой дохода»,Открытый,Акционерное общество «Управляющая компания «Первая»,50900994259.09,52116.74,19
2026-05-29,4978,Открытый паевой инвестиционный фонд рыночных финансовых инструментов «Первая - Фонд облигаций с выплатой дохода»,Открытый,Акционерное общество «Управляющая компания «Первая»,50571172525.49,50560.19,20
2026-06-30,3915,Биржевой паевой инвестиционный фонд рыночных финансовых инструментов «Ликвидность»,Биржевой,Акционерное общество ВИМ Инвестиции,675650083573.51,2.0250253,1
2026-06-30,3428,Открытый паевой инвестиционный фонд рыночных финансовых инструментов «Первая - Накопительный»,Открытый,Акционерное общество «Управляющая компания «Первая»,481833954614.08,2141.16,2
2026-06-30,4607,Биржевой паевой инвестиционный фонд рыночных финансовых инструментов «Первая – Фонд Сберегательный»,Биржевой,Акционерное общество «Управляющая компания «Первая»,325743934536.67,18.8304,3
2026-06-30,5012,Биржевой паевой инвестиционный фонд рыночных финансовых инструментов «Альфа-Капитал Денежный рынок»,Биржевой,"Общество с ограниченной ответственностью ""Управляющая компания ""Альфа-Капитал""",322433948640.39,172.5043,4
2026-06-30,0007,Открытый паевой инвестиционный фонд рыночных финансовых инструментов «Первая – Фонд Рублевые сбережения»,Открытый,Акционерное общество «Управляющая компания «Первая»,317289526324.41,64632.14,5
2026-06-30,5229,Биржевой паевой инвестиционный фонд рыночных финансовых инструментов «Т-Капитал Денежный рынок»,Биржевой,Общество с ограниченной ответственностью «Т-Капитал»,301633975629.36,159.8484,6
2026-06-30,5790,Закрытый паевой инвестиционный фонд недвижимости «Современный 8»,Закрытый,Общество с ограниченной ответственностью «Современные Фонды Недвижимости»,130579215878.64,108.1,7
2026-06-30,4416,Закрытый паевой инвестиционный фонд недвижимости «Современный 7»,Закрытый,Общество с ограниченной ответственностью «Современные Фонды Недвижимости»,114666529708.76,127373.61,8
2026-06-30,3164,Закрытый паевой инвестиционный фонд недвижимости «ДОМ.РФ»,Закрытый,"Общество с ограниченной ответственностью ""ДОМ.РФ Управление активами""",103018889413.01,1981.13,9
2026-06-30,5972,Биржевой паевой инвестиционный фонд рыночных финансовых инструментов «Первая – Фонд Облигации с переменным купоном»,Биржевой,Акционерное общество «Управляющая компания «Первая»,95712286382.36,15.0628,10
2026-06-30,0806,"Закрытый паевой инвестиционный фонд смешанных инвестиций ""Стратегические активы""",Закрытый,"Общество с ограниченной ответственностью ""Управляющая компания ""АГАНА""",84829328421.28,151480.94,11
2026-06-30,4431,Биржевой паевой инвестиционный фонд рыночных финансовых инструментов «Первая – Фонд Консервативный»,Биржевой,Акционерное общество «Управляющая компания «Первая»,83433919501.07,17.9128,12
2026-06-30,3785,Биржевой паевой инвестиционный фонд рыночных финансовых инструментов «Первая - Фонд Корпоративные облигации»,Биржевой,Акционерное общество «Управляющая компания «Первая»,74547884573.5,18.81,13
2026-06-30,4138,Открытый паевой инвестиционный фонд рыночных финансовых инструментов «ВИМ - Денежный рынок. Рубли»,Открытый,Акционерное общество ВИМ Инвестиции,62378829141.56,1882.29,14
2026-06-30,6541,Биржевой паевой инвестиционный фонд рыночных финансовых инструментов «Альфа-Капитал Облигации с переменным купоном»,Биржевой,"Общество с ограниченной ответственностью ""Управляющая компания ""Альфа-Капитал""",58380016067.97,136.38249,15
2026-06-30,5936,Биржевой паевой инвестиционный фонд рыночных финансовых инструментов «АТОН – Накопительный в рублях»,Биржевой,"Общество с ограниченной ответственностью ""Управляющая компания ""Атон-менеджмент""",57957942480.22,152.2354,16
2026-06-30,0095,Открытый паевой инвестиционный фонд рыночных финансовых инструментов «Альфа-Капитал Облигации Плюс»,Открытый,"Общество с ограниченной ответственностью ""Управляющая компания ""Альфа-Капитал""",57416142180.84,7157.85,17
2026-06-30,6991,Открытый паевой инвестиционный фонд рыночных финансовых инструментов «Альфа-Капитал Накопительный»,Открытый,"Общество с ограниченной ответственностью ""Управляющая компания ""Альфа-Капитал""",57314367160.08,120.62,18
2026-06-30,7259,Закрытый паевой инвестиционный фонд недвижимости «Современная коллекция»,Закрытый,Общество с ограниченной ответственностью «Современные Фонды Недвижимости»,52185373909.8,103254.28,19
2026-06-30,4978,Открытый паевой инвестиционный фонд рыночных финансовых инструментов «Первая - Фонд облигаций с выплатой дохода»,Открытый,Акционерное общество «Управляющая компания «Первая»,50134049911.54,47992.05,20
2026-07-31,3915,Биржевой паевой инвестиционный фонд рыночных финансовых инструментов «Ликвидность»,Биржевой,Акционерное общество ВИМ Инвестиции,719358010951.87,2.0493969,1
2026-07-31,3428,Открытый паевой инвестиционный фонд рыночных финансовых инструментов «Первая - Накопительный»,Открытый,Акционерное общество «Управляющая компания «Первая»,483466435777.5,2160.26,2
2026-07-31,4607,Биржевой паевой инвестиционный фонд рыночных финансовых инструментов «Первая – Фонд Сберегательный»,Биржевой,Акционерное общество «Управляющая компания «Первая»,337480450157.41,19.0571,3
2026-07-31,5012,Биржевой паевой инвестиционный фонд рыночных финансовых инструментов «Альфа-Капитал Денежный рынок»,Биржевой,"Общество с ограниченной ответственностью ""Управляющая компания ""Альфа-Капитал""",326993792788.09,174.51538,4
2026-07-31,5229,Биржевой паевой инвестиционный фонд рыночных финансовых инструментов «Т-Капитал Денежный рынок»,Биржевой,Общество с ограниченной ответственностью «Т-Капитал»,305014911627.48,161.6263,5
2026-07-31,0007,Открытый паевой инвестиционный фонд рыночных финансовых инструментов «Первая – Фонд Рублевые сбережения»,Открытый,Акционерное общество «Управляющая компания «Первая»,289548348590.84,66003.5,6
2026-07-31,5790,Закрытый паевой инвестиционный фонд недвижимости «Современный 8»,Закрытый,Общество с ограниченной ответственностью «Современные Фонды Недвижимости»,139160398869.28,109.16,7
2026-07-31,4416,Закрытый паевой инвестиционный фонд недвижимости «Современный 7»,Закрытый,Общество с ограниченной ответственностью «Современные Фонды Недвижимости»,116184279440.74,129059.56,8
2026-07-31,4431,Биржевой паевой инвестиционный фонд рыночных финансовых инструментов «Первая – Фонд Консервативный»,Биржевой,Акционерное общество «Управляющая компания «Первая»,107922403777.76,18.0963,9
2026-07-31,3164,Закрытый паевой инвестиционный фонд недвижимости «ДОМ.РФ»,Закрытый,"Общество с ограниченной ответственностью ""ДОМ.РФ Управление активами""",103449403631.52,1989.41,10
2026-07-31,5972,Биржевой паевой инвестиционный фонд рыночных финансовых инструментов «Первая – Фонд Облигации с переменным купоном»,Биржевой,Акционерное общество «Управляющая компания «Первая»,87571223479.67,15.2172,11
2026-07-31,0806,"Закрытый паевой инвестиционный фонд смешанных инвестиций ""Стратегические активы""",Закрытый,"Общество с ограниченной ответственностью ""Управляющая компания ""АГАНА""",86460116331.52,154393.06,12
2026-07-31,6541,Биржевой паевой инвестиционный фонд рыночных финансовых инструментов «Альфа-Капитал Облигации с переменным купоном»,Биржевой,"Общество с ограниченной ответственностью ""Управляющая компания ""Альфа-Капитал""",69074002286.93,138.1334,13
2026-07-31,4138,Открытый паевой инвестиционный фонд рыночных финансовых инструментов «ВИМ - Денежный рынок. Рубли»,Открытый,Акционерное общество ВИМ Инвестиции,67143602324.67,1901.9,14
2026-07-31,6991,Открытый паевой инвестиционный фонд рыночных финансовых инструментов «Альфа-Капитал Накопительный»,Открытый,"Общество с ограниченной ответственностью ""Управляющая компания ""Альфа-Капитал""",66837510889.91,122.15,15
2026-07-31,7259,Закрытый паевой инвестиционный фонд недвижимости «Современная коллекция»,Закрытый,Общество с ограниченной ответственностью «Современные Фонды Недвижимости»,60863221872.48,120424.32,16
2026-07-31,5936,Биржевой паевой инвестиционный фонд рыночных финансовых инструментов «АТОН – Накопительный в рублях»,Биржевой,"Общество с ограниченной ответственностью ""Управляющая компания ""Атон-менеджмент""",58655606102.55,154.0679,17
2026-07-31,0095,Открытый паевой инвестиционный фонд рыночных финансовых инструментов «Альфа-Капитал Облигации Плюс»,Открытый,"Общество с ограниченной ответственностью ""Управляющая компания ""Альфа-Капитал""",52402667825.16,7343.31,18
2026-07-31,4978,Открытый паевой инвестиционный фонд рыночных финансовых инструментов «Первая - Фонд облигаций с выплатой дохода»,Открытый,Акционерное общество «Управляющая компания «Первая»,49685613505.06,48742.4,19
2026-07-31,3785,Биржевой паевой инвестиционный фонд рыночных финансовых инструментов «Первая - Фонд Корпоративные облигации»,Биржевой,Акционерное общество «Управляющая компания «Первая»,45901571034.34,18.94,20
